species,hgtclass,pearson,spearman
Larix,2,0.9987682323861747,0.8881118881118882
Larix,NA,0.9987866439068994,0.8391608391608392
P.abies,2,0.4603590613889222,0.9020979020979022
P.abies,NA,0.41547527034033827,0.6789215686274511
P.sitchensis-lutzii,2,-0.054219058377029346,0.4590964590964591
P.sitchensis-lutzii,NA,0.27111488293613933,0.4055829228243021
